n,num_trees,time_generating_all_trees,time_build_graph,time_matrix
3,5,2.2599999283556826e-05,0.0003938000008929521,0.0002913999996962957
4,14,3.2699999792384915e-05,0.00011660000018309802,0.00016490000052726828
5,42,0.0002870999996957835,0.0003237000000808621,0.0018483999992895406
6,132,0.0003164999998261919,0.0012750000005326,0.01664109999910579
7,429,0.0023726999988866737,0.0062217000013333745,0.20622350000121514
8,1430,0.0029108000017004088,0.02180930000031367,3.2694267999995645
